listing_id,url,title,description,purchase_price,market_median,quick_sale_price,total_investment,net_profit,roi,liquidity,confidence,condition,deal_score,status,financial_hot_scenario_a,financial_hot_scenario_b,hard_filter_result,manual_flags,decision_reasons,confidence_causes,condition_diagnostic_group,missing_quick_sale_cause,baseline_status
bazos:221629067,https://sport.bazos.cz/inzerat/221629067/prodam-divci-kolo-author.php,Prodám dívčí kolo Author - SLEVA: 5 300,"Prodám kolo Author A-Martix 26, modelový rok 2020, určeno pro výšku 130-155 cm.
Duralový rám, přední odpružená vidlice, počet převodů 3x6.
Kolo je funkční, udržované, servisované, ihned k použití. Kolo dávám včetně stojanu za 5300 Kč,v ceně dávám ...",5300.0,,,5830.0,,,unknown:None,low:35,good,45.83,REJECT,False,False,excluded:hard_filter_kids_bike,critical_valuation_status|low_market_confidence|quick_sale_price_missing,Детский велосипед исключён существующей политикой проекта.,duplicate_only_results|no_unique_comparables,unrecognized_positive_condition_phrase,duplicate_only_results,MANUAL_REVIEW
bazos:221629458,https://sport.bazos.cz/inzerat/221629458/scott-aspect-740-vel-ramu-l-kola-275.php,"Scott Aspect 740, vel. rámu - L, kola 27,5: 5 000","Prodám horské kolo Scott Aspect 740, kola 27,5, velikost rámu je L. 27 rychlostí (3x9).první a jediny majitel,ve velmi dobrém stavu, vše funkční, před cca 150km nový řetěz,kazeta a přehazovačka. Cena 5000Kč. Osobní odběr Velvary. ...",5000.0,4600.0,3900.0,5500.0,-1600.0,-29.09,low:37,low:35,good,24.15,REJECT,False,False,pass,low_market_confidence,Чистая прибыль -1600 Kč не является положительной.,one_source|foreign_market,,,REJECT
bazos:221631218,https://sport.bazos.cz/inzerat/221631218/eloodpruzene-horske-kolo-scott-spark-50.php,Сeloodpružené horské kolo Scott Spark 50: 13 000,"Prodám celoodpružené horské kolo Scott Spark 50. Kolo je v ideálním stavu, zachovalé, čisté a připravené na okamžité vyjetí. Vše funguje na 100 %. Průměr kol 26""(obuto na kvalitních pláštích Schwalbe). Přední vidlice RockShox (vzduchová, uzamykatelná ...",13000.0,108500.0,92000.0,14300.0,77700.0,543.36,low:33,low:35,good,73.35,MANUAL_REVIEW,True,True,pass,low_market_confidence|purchase_price_outlier,Оценка рынка этапа 2.1 имеет низкую уверенность. | Цена покупки является подозрительно низким рыночным выбросом.,one_source|weak_model_match|large_price_spread|foreign_market,unrecognized_positive_condition_phrase,,MANUAL_REVIEW
bazos:221632082,https://sport.bazos.cz/inzerat/221632082/detske-kolo-ghost-powerkid-24-na-8-11-let.php,"Dětské kolo Ghost Powerkid 24"" na 8-11 let: 2 990","Velmi lehký aluminiový rám, osazení Shimano Altus, výborný technický stav po servisu, zánovní pláště. ...",2990.0,,,3289.0,,,unknown:None,low:35,good,45.83,REJECT,False,False,excluded:hard_filter_kids_bike,critical_valuation_status|low_market_confidence|quick_sale_price_missing,Детский велосипед исключён существующей политикой проекта.,no_unique_comparables,,no_matching_comparables,MANUAL_REVIEW
bazos:221632114,https://sport.bazos.cz/inzerat/221632114/detske-kolo-author-ultima-odlehcene-24-8-11-ler.php,"Dětské kolo Author Ultima - odlehčené 24"" 8-11 ler: 2 990","Velmi lehký aluminiový rám, osazení Shimano, výborný technický stav po servisu, oděrky z provozu. ...",2990.0,,,3289.0,,,unknown:None,low:35,good,45.83,REJECT,False,False,excluded:hard_filter_kids_bike,critical_valuation_status|low_market_confidence|quick_sale_price_missing,Детский велосипед исключён существующей политикой проекта.,no_unique_comparables,,no_matching_comparables,MANUAL_REVIEW
bazos:221632205,https://sport.bazos.cz/inzerat/221632205/damske-horske-kolo-author-pegas-asl-275.php,"Dámské horské kolo Author Pegas ASL 27,5: 8 000","Prodám růžové dámské horské kolo. Skladované v garáži, top stav.Jela jsem na něm jen několikrát. Prodávám z důvodu nevyužití.
Výbava:
odpružené vidlice, hydraulické kotoučové brzdy,blatníky, zadní nosič, stojánek, držák na láhev, tachometr.
Po ...",8000.0,11000.0,9400.0,8800.0,600.0,6.82,low:39,medium:65,excellent,36.13,LOW_PRIORITY,False,False,pass,,"Прибыль положительная, но финансовые показатели ниже порогов интересной сделки.",,,,LOW_PRIORITY
bazos:221633652,https://sport.bazos.cz/inzerat/221633652/giant-atx-26-xs-minimalne-jezdene-vyborny-stav.php,"Giant ATX 26” XS – minimálně ježděné, výborný stav: 5 490","Prodám horské kolo Giant ATX 26”, velikost rámu XS.
Kolo bylo koupeno jako nové v roce 2023 a je ve výborném stavu. Bylo používáno pouze přibližně 3x jeden týden na letním biatlonovém soustředění, jinak bylo uložené doma. Je plně funkční, čisté a př ...",5490.0,,,6039.0,,,unknown:None,low:35,excellent,57.5,MANUAL_REVIEW,False,False,pass,critical_valuation_status|low_market_confidence|quick_sale_price_missing,Этап 2.1 не вернул цену быстрой продажи. | Оценка рынка этапа 2.1 имеет низкую уверенность. | Статус оценки рынка требует проверки: duplicate_only_results.,duplicate_only_results|no_unique_comparables,,duplicate_only_results,MANUAL_REVIEW
bazos:221634518,https://sport.bazos.cz/inzerat/221634518/kross-evado-40-28-jako-nove-2-pouzite.php,"Kross Evado 4.0 28” – jako nové, 2× použité: 5 000","Prodám dámské krosové kolo Kross Evado 4.0 na 28” kolech. Kolo bylo použito pouze 2×, poté bylo celou dobu uskladněno v suché garáži. Je ve výborném stavu, plně funkční a připravené k jízdě.
Výbava:
* hliníkový rám
* odpružená vidlice SR Sunto ...",5000.0,,,5500.0,,,unknown:None,low:35,good,52.5,MANUAL_REVIEW,False,False,pass,critical_valuation_status|low_market_confidence|quick_sale_price_missing,Этап 2.1 не вернул цену быстрой продажи. | Оценка рынка этапа 2.1 имеет низкую уверенность. | Статус оценки рынка требует проверки: no_matching_comparables.,no_unique_comparables,unrecognized_positive_condition_phrase,no_matching_comparables,MANUAL_REVIEW
bazos:221634938,https://sport.bazos.cz/inzerat/221634938/giant-trance-2-ge-velikost-m.php,Giant Trance 2 GE  Velikost M: 30 000,"Prodám lehké celoodpružené kolo Giant Trance 2 GE
Stav nový a funkční, párkrát ježděné velikost kol 27,5 , váha 14kg
super na traily i na silnici.
Pouze osobní předání.
Po domluvě sleva.
Rám ALUXX SL Aluminum, zdvih 140 mm, odpružení Maestro ...",30000.0,,,33000.0,,,unknown:None,low:35,unknown,37.5,MANUAL_REVIEW,False,False,pass,condition_unknown|critical_valuation_status|low_market_confidence|quick_sale_price_missing,Этап 2.1 не вернул цену быстрой продажи. | Состояние велосипеда не подтверждено описанием. | Оценка рынка этапа 2.1 имеет низкую уверенность. | Статус оценки рынка требует проверки: duplicate_only_results.,duplicate_only_results|no_unique_comparables,photos_but_no_textual_condition,duplicate_only_results,MANUAL_REVIEW
bazos:221635130,https://sport.bazos.cz/inzerat/221635130/horske-kolo-trek-marlin-7.php,Horské Kolo TREK Marlin 7: 3 000,"Prodám horské kolo TREK Marlin 7 ve velice dobrém stavu. Velikost 15,5"" (viz foto). Kola 27,5 x 2,20 (viz foto). ...",3000.0,16000.0,13600.0,3300.0,10300.0,312.12,low:39,low:35,good,73.55,MANUAL_REVIEW,True,True,pass,low_market_confidence|purchase_price_outlier|stage_1_2_manual_risk,Оценка рынка этапа 2.1 имеет низкую уверенность. | Предварительный анализ содержит причину для ручной проверки. | Цена покупки является подозрительно низким рыночным выбросом.,one_source|large_price_spread,unrecognized_positive_condition_phrase,,MANUAL_REVIEW
bazos:221636917,https://sport.bazos.cz/inzerat/221636917/horske-kolo-gt-avalenche.php,Horské kolo GT avalenche: 8 000,26 kola Schimano deore XT velmi málo ježděné v perfektním stavu všechny info na tlf. 777023115. Kladno osobní odběr ...,8000.0,,,8800.0,,,unknown:None,low:35,good,52.5,MANUAL_REVIEW,False,False,pass,critical_valuation_status|low_market_confidence|quick_sale_price_missing,Этап 2.1 не вернул цену быстрой продажи. | Оценка рынка этапа 2.1 имеет низкую уверенность. | Статус оценки рынка требует проверки: duplicate_only_results.,duplicate_only_results|no_unique_comparables,unrecognized_positive_condition_phrase,duplicate_only_results,MANUAL_REVIEW
bazos:221637085,https://sport.bazos.cz/inzerat/221637085/horske-kolo-author-vision-xl-205-rock-shox-shimano.php,"Horské kolo Author Vision (XL / 20.5"") – Rock Shox, Shimano: 6 500","Prodám kvalitní, lehké a plně funkční horské kolo Author Vision (modelový rok 2012) postavené na třikrát zesíleném duralovém rámu (triple butted dural 6069). Kolo je na tradičních 26"" kolech, která jsou mimořádně obratná a skvěle ovladatelná.
Kolo ...",6500.0,,,7150.0,,,unknown:None,low:35,good,52.5,MANUAL_REVIEW,False,False,pass,critical_valuation_status|low_market_confidence|quick_sale_price_missing,Этап 2.1 не вернул цену быстрой продажи. | Оценка рынка этапа 2.1 имеет низкую уверенность. | Статус оценки рынка требует проверки: duplicate_only_results.,duplicate_only_results|no_unique_comparables,unrecognized_positive_condition_phrase,duplicate_only_results,MANUAL_REVIEW
bazos:221637897,https://sport.bazos.cz/inzerat/221637897/horske-kolo-kross-level-90-29-xl.php,"Horské kolo Kross Level 9.0 29” , XL: 17 990","Prodám horské kolo v bezvadném stavu, stačí sednout a jet.
Specifikace:
Pevné osy přední a zadní, boost.
Hliníkový rám velikosti 20,5 palců - vhodný na výšku 180-200 cm. Vnitřní vedení bowdenu a zadní brzdy. Opravené provozní škrábance.
Vzduc ...",17990.0,17400.0,14800.0,19789.0,-4989.0,-25.21,low:34,low:35,good,23.55,REJECT,False,False,pass,low_market_confidence,Чистая прибыль -4989 Kč не является положительной.,foreign_market,,,REJECT
bazos:221639299,https://sport.bazos.cz/inzerat/221639299/horske-kolo-kellys-viper-30-vel-ramu-445-mm-175.php,"Horské kolo Kellys Viper 30, vel. rámu 445 mm (17,5""): 1 900","Prodávám starší horské kolo Kellys Viper 30, model 2016. Kolo je plně funkční a připravené k jízdě.
- Velikost rámu: 445 mm (17,5"")
- Rám: hliníkový KELLYS Alutec 6061
- Kola: 26""
- Odpružená vidlice: SR Suntour XCT, zdvih 100 mm
- Řazení Shim ...",1900.0,5000.0,4200.0,2090.0,2110.0,100.96,low:19,low:35,good,53.14,MANUAL_REVIEW,False,True,pass,low_market_confidence,Оценка рынка этапа 2.1 имеет низкую уверенность.,one_source|few_comparables|weak_model_match|large_price_spread,unrecognized_positive_condition_phrase,,MANUAL_REVIEW
bazos:221639794,https://sport.bazos.cz/inzerat/221639794/horske-kolo-gt-avalanche-10.php,Horské kolo GT Avalanche 1.0: 9 000,"Kola - 26
Ram - 19
Kolo je ve velmi dobrým stavu(má pár škrábanců ale stejně vypadá hezký)
Osobní odběr/vyzkoušení Praha 3
V případě zájmu volejte a nebo pište ...",9000.0,5000.0,4200.0,9900.0,-5700.0,-57.58,low:47,medium:65,unknown,27.15,REJECT,False,False,pass,condition_unknown,Чистая прибыль -5700 Kč не является положительной.,,,,REJECT
bazos:221640198,https://sport.bazos.cz/inzerat/221640198/specialized-pitch.php,Specialized Pitch: 8 500,"Prodám horské kolo Specialized Pitch, velikost XS, kola 27,5”. Hliníkový rám. Kolo je ve výborném stavu, velmi málo jeté, pouze 2x až 3x několik km ročně. Je osazeno komponenty Shimano s převody 3×8. Vše je plně funkční. Velikost xs pro dítě i junior ...",8500.0,9500.0,8100.0,9350.0,-1250.0,-13.37,high:95,low:35,good,34.75,REJECT,False,False,excluded:hard_filter_kids_bike,low_market_confidence,Детский велосипед исключён существующей политикой проекта.,one_source|large_price_spread,,,REJECT
bazos:221640326,https://sport.bazos.cz/inzerat/221640326/rock-machine-crossride-500.php,Rock Machine Crossride 500: 2 000,"Prodám krosové kolo Rock Machine Crossride 500 s rámem velikosti 21” XL. Hliníkový rám. Vhodné na silnici. Kolo je plně funkční a připravené k jízdě. Jedná se o starší model, ale kolo bylo jeto pouze 2x až 3x ročně cca 5-25km. Je vybaveno komponenty ...",2000.0,2500.0,2100.0,2200.0,-100.0,-4.55,low:23,low:35,good,21.35,REJECT,False,False,pass,low_market_confidence,Чистая прибыль -100 Kč не является положительной.,one_source|few_comparables,,,REJECT
bazos:221640397,https://sport.bazos.cz/inzerat/221640397/merida-crossway-8800.php,Merida Crossway 8800: 4 200,Prodám krosové kolo Merida Crossway 8800 ve velikosti XS (42 cm). Vhodné na silnici. Kolo je v dobrém a plně funkčním stavu. Kolo bylo jeto 2x až 3x ročně cca 5-25km. Je vybaveno kvalitními komponenty Shimano a lehkým hliníkovým rámem Merida Lightwei ...,4200.0,7500.0,6400.0,4620.0,1780.0,38.53,low:36,low:35,unknown,35.65,MANUAL_REVIEW,False,False,pass,condition_unknown|low_market_confidence,Состояние велосипеда не подтверждено описанием. | Оценка рынка этапа 2.1 имеет низкую уверенность.,large_price_spread,unrecognized_positive_condition_phrase,,MANUAL_REVIEW
bazos:221641965,https://sport.bazos.cz/inzerat/221641965/scott-scale-29-sram-eagle-112-rockshox-judy.php,"Scott Scale 29” – SRAM Eagle 1×12, RockShox Judy: 22 000","Prodám horské kolo Scott Scale 29 ve výborném stavu. Lehký hliníkový rám, vzduchová odpružená vidlice RockShox Judy, hydraulické kotoučové brzdy a moderní pohon SRAM SX Eagle 1×12.
Kolo je pravidelně udržované, plně funkční a připravené na sezónu. V ...",22000.0,24000.0,20400.0,24200.0,-3800.0,-15.7,medium:60,low:35,good,28.75,REJECT,False,False,pass,low_market_confidence,Чистая прибыль -3800 Kč не является положительной.,large_price_spread,,,REJECT
bazos:221643647,https://sport.bazos.cz/inzerat/221643647/haibike-sl-light-2011-celokarbon-xl-shimano-slx-3x10-naj.php,"Haibike SL Light 2011 – celokarbon XL, Shimano SLX 3x10, naj: 12 900","Prodám celokarbonové horské kolo Haibike SL Light, ročník 2011.
Stav
Najeto pouze do 4 000 km – kolo se opravdu málo jezdilo (život primárně v zahraničí). Rám v perfektním stavu, bez ťuknutí a bez prasklin, nikdy nebořeno, potvrzen stav i letos ser ...",12900.0,,,14190.0,,,unknown:None,low:35,good,52.5,MANUAL_REVIEW,False,False,pass,critical_valuation_status|low_market_confidence|quick_sale_price_missing,Этап 2.1 не вернул цену быстрой продажи. | Оценка рынка этапа 2.1 имеет низкую уверенность. | Статус оценки рынка требует проверки: duplicate_only_results.,duplicate_only_results|no_unique_comparables,unrecognized_positive_condition_phrase,duplicate_only_results,MANUAL_REVIEW
bazos:221644306,https://sport.bazos.cz/inzerat/221644306/spampjumper-specialized-xl-29-karbon.php,Spampjumper Specialized XL 29 karbon: 64 000,"Prodám Stampjumper kola 29 ram XL karbon tlumeni 150/150, brzdy XTdior, přehazovačka GX ŠRÁM, dvě sady kol bikeparkova sada nová. Kolo bez investice. Pořizovací ceně samotného kola 150t. ...",64000.0,17200.0,14600.0,70400.0,-55800.0,-79.26,low:9,low:35,unknown,14.05,REJECT,False,False,pass,condition_unknown|low_market_confidence,Чистая прибыль -55800 Kč не является положительной.,one_source|few_comparables|weak_model_match|foreign_market,,,REJECT
bazos:221645746,https://sport.bazos.cz/inzerat/221645746/gt-avalanche-20-disc.php,GT Avalanche 2.0 disc: 3 800,"Nabízím horské kolo gt avalanche 2.0 disc .velikost M , převody 24
Jedná se o starší plně funkční kolo pravidelně servisované. Samozřejmě nějaké oděrky z běžného provozu se najdou viz fota .Kolo je plně funkční stačí sednout a jet ...
Specifikace
...",3800.0,,,4180.0,,,unknown:None,low:35,good,52.5,MANUAL_REVIEW,False,False,pass,critical_valuation_status|low_market_confidence|quick_sale_price_missing,Этап 2.1 не вернул цену быстрой продажи. | Оценка рынка этапа 2.1 имеет низкую уверенность. | Статус оценки рынка требует проверки: duplicate_only_results.,duplicate_only_results|no_unique_comparables,unrecognized_positive_condition_phrase,duplicate_only_results,MANUAL_REVIEW
bazos:221653694,https://sport.bazos.cz/inzerat/221653694/prodam-nove-kolo-kellys-kiter-24.php,Prodám nové kolo KELLYS Kiter 24: 5 000,"Prodám juniorské kolo KELLYS Kiter, kolo je nové, nevhodný dárek, vel. 24 ...",5000.0,3600.0,3100.0,5500.0,-2400.0,-43.64,medium:51,low:35,unknown,21.45,REJECT,False,False,excluded:hard_filter_kids_bike,condition_unknown|low_market_confidence,Детский велосипед исключён существующей политикой проекта.,one_source|large_price_spread,,,REJECT
bazos:221656260,https://sport.bazos.cz/inzerat/221656260/gt-force-comp-2022-ml-275-al.php,GT Force Comp. 2022 M/L 27.5” Al (opraveno): 29 900,"Zdravim, prodam kolo GT Force comp. 2022
Ram je velikost M/L s kolama 27.5”.
Specifikace :
Brzdy Shimano MT420 (4 pisty) nove + nove desky, a nove kotouce
Komplet Shimano SLX system 1*12 rychlosti, taky novy + seřízený
Rafky jsou dartmoore, ale byl ...",29900.0,,,32890.0,,,unknown:None,low:35,unknown,37.5,MANUAL_REVIEW,False,False,pass,condition_unknown|critical_valuation_status|low_market_confidence|quick_sale_price_missing,Этап 2.1 не вернул цену быстрой продажи. | Состояние велосипеда не подтверждено описанием. | Оценка рынка этапа 2.1 имеет низкую уверенность. | Статус оценки рынка требует проверки: duplicate_only_results.,duplicate_only_results|no_unique_comparables,photos_but_no_textual_condition,duplicate_only_results,MANUAL_REVIEW
bazos:221656403,https://sport.bazos.cz/inzerat/221656403/prodam-detske-kolo-20-znacka-gt-ve-vybornem-stavu-cena.php,"PRODÁM  DĚTSKÉ KOLO 20"" značka GT ve výborném stavu . Cena : 4 490","PRODÁM DĚTSKÉ KOLO 20"" značka GT ve výborném stavu . Cena 4490,- ...",4490.0,,,4939.0,,,unknown:None,low:35,good,45.83,REJECT,False,False,excluded:hard_filter_kids_bike,critical_valuation_status|low_market_confidence|quick_sale_price_missing,Детский велосипед исключён существующей политикой проекта.,duplicate_only_results|no_unique_comparables,unrecognized_positive_condition_phrase,duplicate_only_results,MANUAL_REVIEW
bazos:221656413,https://sport.bazos.cz/inzerat/221656413/kolo-cube-reaction-29.php,"""SLEVA"" Kolo CUBE REACTION PRO 29"": 12 900","Velikost 19"", kola 29"", rám hliník, osazení Shimano XT. Odpruženbá vidlice 100mm Rock Shox. Převod 2x11.
Všechno by mělo být na fotkách. Kupoval jsem ho rok starý ještě se zárukou.
PŘI RYCHLÉM JEDNÁNÍ MŮŽEME JEŠTĚ NĚCO SLEVIT. ...",12900.0,30000.0,25500.0,14190.0,11310.0,79.7,low:27,low:35,unknown,63.58,MANUAL_REVIEW,True,False,pass,condition_unknown|low_market_confidence,Состояние велосипеда не подтверждено описанием. | Оценка рынка этапа 2.1 имеет низкую уверенность.,one_source|weak_model_match,photos_but_no_textual_condition,,MANUAL_REVIEW
bazos:221658040,https://sport.bazos.cz/inzerat/221658040/detske-kolo-24-superior-paint.php,Dětské kolo 24” Superior Paint: 2 500,"Prodáme dětskè kolo. Píšou 8-13 let, 130-150cm. Kolo je zachovalé, v originál stavu, plně funkční, lehké. Moc na něm kluk nenajezdil než z něj vyrostl. Odpružená vidlice, přehazovačka, držák na láhev.
K vidění Praha Florenc.
Cena 2500,-
...",2500.0,2000.0,1700.0,2750.0,-1050.0,-38.18,medium:67,low:35,good,29.15,REJECT,False,False,excluded:hard_filter_kids_bike,low_market_confidence,Детский велосипед исключён существующей политикой проекта.,one_source|large_price_spread,,,REJECT
bazos:221659109,https://sport.bazos.cz/inzerat/221659109/detske-kolo-author-stylo-75-kg.php,"Dětské kolo Author Stylo 7,5 kg: 1 500","Zachovalé, relativně lehké jeté, ale připravené, seřízené jen nasednout a jet dětské kolo Author. Jediné co možná bude potřeba upravit bude výška brzdové páky od říditek, ale nastavené to je na malého bobíka s mini rukami aby dosáhl prsty na brzdy.
...",1500.0,,,1650.0,,,unknown:None,low:35,good,45.83,REJECT,False,False,excluded:hard_filter_kids_bike,critical_valuation_status|low_market_confidence|quick_sale_price_missing,Детский велосипед исключён существующей политикой проекта.,no_unique_comparables,unrecognized_positive_condition_phrase,no_matching_comparables,MANUAL_REVIEW
bazos:221660347,https://sport.bazos.cz/inzerat/221660347/horske-kolo-trek-800-mountain-zachovale.php,"horské kolo Trek 800 Mountain, zachovalé: 2 990","Prodám pánské - chlapecké zachovalé horské kolo Trek 800 Mountain track. Kolo je na výšku postavy cca 170-190cm, přehazovačka Shimano 3x7, kola 26x1,95. Cena jen 2.990 Kč. Více info 608 885 901, osobní předání. ...",2990.0,,,3289.0,,,unknown:None,low:35,good,52.5,MANUAL_REVIEW,False,False,pass,critical_valuation_status|low_market_confidence|quick_sale_price_missing,Этап 2.1 не вернул цену быстрой продажи. | Оценка рынка этапа 2.1 имеет низкую уверенность. | Статус оценки рынка требует проверки: duplicate_only_results.,duplicate_only_results|no_unique_comparables,unrecognized_positive_condition_phrase,duplicate_only_results,MANUAL_REVIEW
bazos:221665058,https://sport.bazos.cz/inzerat/221665058/karbonove-enduro-kolo-orbea-rallon-r5-m10.php,Karbonové enduro kolo Orbea rallon R5 m10: 48 000,"Ahoj. Enduro dvoupéro s velkým zdvihem odpružení. Dělal jsem servis tlumiče a vidlice 21.7.2026. Na 80 % kola je ochranná fólie. Stav je dobrý. Kola 29"", rok výroby 2021. Individualita tohoto kola spočívá v custom barevném provedení. Je to jediný kus ...",48000.0,,,52800.0,,,unknown:None,low:35,good,52.5,MANUAL_REVIEW,False,False,pass,critical_valuation_status|low_market_confidence|quick_sale_price_missing,Этап 2.1 не вернул цену быстрой продажи. | Оценка рынка этапа 2.1 имеет низкую уверенность. | Статус оценки рынка требует проверки: duplicate_only_results.,duplicate_only_results|no_unique_comparables,,duplicate_only_results,MANUAL_REVIEW
bazos:221666147,https://sport.bazos.cz/inzerat/221666147/canyon-neuron-cf8-vel-m.php,"Canyon Neuron CF8, Vel. M: 43 000","Prodám celo-carbonové trailové kolo Canyon Neuron CF8 ve velikosti M
Stav kola:
- Velmi dobrý technický i vizuální stav
- Pravidelně servisovaný,
- Aktuálně čerstvě po servisu
- Vše běží velmi hladce
- Pouze běžné šrámy z používání ...",43000.0,43500.0,37000.0,47300.0,-10300.0,-21.78,low:44,medium:65,good,31.05,REJECT,False,False,pass,,Чистая прибыль -10300 Kč не является положительной.,,,,REJECT
bazos:221666284,https://sport.bazos.cz/inzerat/221666284/scott-contessa-active-20-damske-horske-kolo.php,Scott Contessa Active 20 – dámské horské kolo: 18 000,Dámské kolo v šedé barvě s hliníkovým rámem. Po servisu. Bez příslušenství ...,18000.0,15200.0,12900.0,19800.0,-6900.0,-34.85,low:13,low:35,good,19.35,REJECT,False,False,pass,low_market_confidence,Чистая прибыль -6900 Kč не является положительной.,one_source|few_comparables|weak_model_match|foreign_market,,,REJECT
bazos:221667562,https://sport.bazos.cz/inzerat/221667562/merida-big-nine-horske-kolo.php,Merida Big Nine horské kolo: 7 900,"Horské kolo s 29"" palcovými koly. Velmi dobrá výbava - vzduchová vidlice, Shimano SLX řazení, lehký hliníkový rám. Má známky používání (drobné škrábance apod.) Řetěz by bylo vhodné vyměnit za nový. Součástí kola jsou SPD pedály. Možnost zamykání před ...",7900.0,8500.0,7200.0,8690.0,-1490.0,-17.15,medium:59,low:35,unknown,24.05,REJECT,False,False,pass,condition_unknown|low_market_confidence,Чистая прибыль -1490 Kč не является положительной.,one_source|large_price_spread,,,REJECT
bazos:221668415,https://sport.bazos.cz/inzerat/221668415/damske-kolo-28-bianchi-vyska-ramu-18-45cm-bezvadny-stav.php,"Dámské kolo 28“ Bianchi, výška rámu 18“ (45cm) bezvadný stav: 1 790","Dámské kolo 28“ Bianchi, výška rámu 18“ (45cm) bezvadný stav, seřízené, jen místy drobné opotřebení povrchu. Označení modelu: Bianchi Trentino Spillo, průměr kol 28“, nejnižší poloha sedla od země: 80cm (nebo lze samozřejmě nastavit i do vyšší polohy ...",1790.0,,,1969.0,,,unknown:None,low:35,good,52.5,MANUAL_REVIEW,False,False,pass,critical_valuation_status|low_market_confidence|quick_sale_price_missing,Этап 2.1 не вернул цену быстрой продажи. | Оценка рынка этапа 2.1 имеет низкую уверенность. | Статус оценки рынка требует проверки: no_matching_comparables.,no_unique_comparables,unrecognized_positive_condition_phrase,no_matching_comparables,MANUAL_REVIEW
bazos:221670897,https://sport.bazos.cz/inzerat/221670897/kolo-woom-4-top-stav.php,Kolo woom 4 top stav: 9 300,"Prodám ultra lehké dětské kolo Woom 4 (velikost kol 20""), určené pro děti přibližně od 6 do 8 let (výška cca 115–130 cm).
​Kolo je ve stavu skoro nového, bylo jeté minimálně pouze 1 sezona. Ma navíc zvonek. Kupováno nove. Je absolutně bez funkčních ...",9300.0,,,10230.0,,,unknown:None,low:35,excellent,50.83,REJECT,False,False,excluded:hard_filter_kids_bike,critical_valuation_status|low_market_confidence|quick_sale_price_missing,Детский велосипед исключён существующей политикой проекта.,duplicate_only_results|no_unique_comparables,,duplicate_only_results,MANUAL_REVIEW
bazos:221670941,https://sport.bazos.cz/inzerat/221670941/detske-kolo-gt-17-na-155-175-cm-lehci-nez-beany.php,"Dětské kolo GT 17"" na 155-175 cm lehčí než Beany: 8 900","Třikrát zeslabovaný aluminiový rám, ostatní Shimano Deore LX ,střed Shimano Deore LX, nové pláště,po servisu. Je lehčí než Beany nebo Whoom,ale navíc s kvalitním osazením. Ráfky Navíc. ...",8900.0,,,9790.0,,,unknown:None,low:35,good,45.83,REJECT,False,False,excluded:hard_filter_kids_bike,critical_valuation_status|low_market_confidence|quick_sale_price_missing,Детский велосипед исключён существующей политикой проекта.,duplicate_only_results|no_unique_comparables,,duplicate_only_results,MANUAL_REVIEW
bazos:221671403,https://sport.bazos.cz/inzerat/221671403/kellys-viper-10-horske-kolo-26-ram-155.php,"Kellys Viper 10 horské kolo - 26"", rám 15,5"": 3 500","Prodám horské kolo Kellys Viper 10 ve velmi dobrém stavu. Kolo bylo používáno jen minimálně, většinu času bylo uskladněné.
Specifikace:
* Značka: Kellys
* Model: Viper 10
* Velikost kol: 26”
* Velikost rámu: 15,5” (395 mm)
* Odpružená předn ...",3500.0,4700.0,4000.0,3850.0,150.0,3.9,low:35,medium:65,good,31.69,LOW_PRIORITY,False,False,pass,,"Прибыль положительная, но финансовые показатели ниже порогов интересной сделки.",,unrecognized_positive_condition_phrase,,MANUAL_REVIEW
bazos:221671437,https://sport.bazos.cz/inzerat/221671437/detske-kolo-rock-machine-catherine-20-5-8-let.php,"Dětské kolo Rock Machine Catherine 20"" 5-8 let: 3 500","Minimálně ježděné. Rám nemá ani oděrku, ráfek jednu maličkou. Po servisu. ...",3500.0,,,3850.0,,,unknown:None,low:35,good,45.83,REJECT,False,False,excluded:hard_filter_kids_bike,critical_valuation_status|low_market_confidence|quick_sale_price_missing,Детский велосипед исключён существующей политикой проекта.,no_unique_comparables,,no_matching_comparables,MANUAL_REVIEW
bazos:221672572,https://sport.bazos.cz/inzerat/221672572/scott-scale-24.php,Scott scale 24: 3 000,Prodám dětské kolo scott scale.kola 24.odřené sedadlo.natržené gripy.osobní odběr. ...,3000.0,7000.0,6000.0,3300.0,2700.0,81.82,low:47,high:85,unknown,58.04,REJECT,False,False,excluded:hard_filter_kids_bike,condition_unknown,Детский велосипед исключён существующей политикой проекта.,,photos_but_no_textual_condition,,MANUAL_REVIEW
bazos:221673695,https://sport.bazos.cz/inzerat/221673695/damske-kolo-kellys-clea-70.php,Dámské kolo Kellys Clea 70 vel. S: 9 999,"Prodáme zánovní pohodlné dámské trekingové/krosové kolo Kellys Clea 70. Vyjelo asi 5x, najeto do 50 km. Bez oděrek.
- Odpružená přední vidlice SR Suntour NEX HLO 63 mm s uzamykáním pro komfort na nerovnostech.
- Velikost S cca do 160 cm
- Kotoučové b ...",9999.0,9000.0,7600.0,10998.9,-3398.9,-30.9,low:23,low:35,unknown,16.85,REJECT,False,False,pass,condition_unknown|low_market_confidence,Чистая прибыль -3399 Kč не является положительной.,one_source|few_comparables,,,REJECT
bazos:221676333,https://sport.bazos.cz/inzerat/221676333/detske-kolo-woom-16-vodici-tyc.php,Dětské kolo Woom 3 - 16’’ + vodící tyč: 8 000,"Prodám dětské kolo Woom 3 - 16’’ v perfektním stavu i s vodící tyčí. Osobní odběr Panenské Břežany
...",8000.0,,,8800.0,,,unknown:None,low:35,good,45.83,REJECT,False,False,excluded:hard_filter_kids_bike,critical_valuation_status|low_market_confidence|quick_sale_price_missing,Детский велосипед исключён существующей политикой проекта.,no_unique_comparables,unrecognized_positive_condition_phrase,no_matching_comparables,MANUAL_REVIEW
bazos:221676568,https://sport.bazos.cz/inzerat/221676568/horske-kolo-cube-ltd-race-29-m-17-top-stav.php,"Horské kolo Cube LTD Race 29"" , M (17""), TOP stav: 14 990","Nabízím k prodeji hliníkový 29"" hardtail Cube LTD Race v perfektním, prakticky zánovním stavu (viz foto). Kolo bylo jeté minimálně, lak je bez škrábanců, kliky i přehazovačka jsou zcela netknuté. Vše je plně funkční, seřízené a připravené na sezónu b ...",14990.0,,,16489.0,,,unknown:None,low:35,excellent,57.5,MANUAL_REVIEW,False,False,pass,critical_valuation_status|low_market_confidence|quick_sale_price_missing,Этап 2.1 не вернул цену быстрой продажи. | Оценка рынка этапа 2.1 имеет низкую уверенность. | Статус оценки рынка требует проверки: duplicate_only_results.,duplicate_only_results|no_unique_comparables,,duplicate_only_results,MANUAL_REVIEW
bazos:221676675,https://sport.bazos.cz/inzerat/221676675/horske-kolo-kellys.php,Horské dámské kolo Kellys Vanity 70: 8 999,"Nabízím k prodeji kvalitní horské dámské kolo Kellys Vanity 70 v atraktivní barvě Raspberry Pink, model 2025. Rám velikosti S (15"") je ideální pro postavu cca 160–170 cm. Kola 27.5""
Kellys Vanity 70 kombinuje sportovní vybavení s každodenní prakti ...",8999.0,10000.0,8500.0,9898.9,-1398.9,-14.13,low:32,low:35,unknown,18.65,REJECT,False,False,pass,condition_unknown|low_market_confidence,Чистая прибыль -1399 Kč не является положительной.,few_comparables|large_price_spread,,,REJECT
bazos:221678638,https://sport.bazos.cz/inzerat/221678638/trek-marlin-4-xl.php,trek marlin 4 -XL: 6 500,"Prodám kolo z důvodu velikosti
velikost rámu :XL
kola 29”
koupeno 4/2024
21 rychlosti
kotoučové brzdy
teď po výměně zadního středu kola a brzdových destiček (original destičky stojí za prd)
osobní odběr Rakovník!! ...",6500.0,10000.0,8500.0,7150.0,1350.0,18.88,low:40,low:35,unknown,30.19,MANUAL_REVIEW,False,False,pass,condition_unknown|low_market_confidence,Состояние велосипеда не подтверждено описанием. | Оценка рынка этапа 2.1 имеет низкую уверенность.,large_price_spread,photos_but_no_textual_condition,,MANUAL_REVIEW
bazos:221681376,https://sport.bazos.cz/inzerat/221681376/merida-crossway-tfs-300-2010-vel-l-trekingovekrosove.php,"Merida Crossway TFS 300 (2010), vel. L – trekingové/krosové: 2 000","Prodám trekingové kolo Merida Crossway TFS 300, modelový rok 2010. Lehký hliníkový rám TFS (Techno Forming System), odpružená vidlice, 28"" kola, V-brzdy, nastavitelný představec a převody Shimano. Hmotnost přibližně 13,5–14 kg.
Velikost rámu L, vhod ...",2000.0,,,2200.0,,,unknown:None,low:35,unknown,37.5,MANUAL_REVIEW,False,False,pass,condition_unknown|critical_valuation_status|low_market_confidence|quick_sale_price_missing,Этап 2.1 не вернул цену быстрой продажи. | Состояние велосипеда не подтверждено описанием. | Оценка рынка этапа 2.1 имеет низкую уверенность. | Статус оценки рынка требует проверки: duplicate_only_results.,duplicate_only_results|no_unique_comparables,photos_but_no_textual_condition,duplicate_only_results,MANUAL_REVIEW
bazos:221684548,https://sport.bazos.cz/inzerat/221684548/karbonove-horske-kolo-ktm-peak-carbon-29.php,Karbonové horské kolo KTM Peak Carbon 29“: 29 000,"Jsem 1.majitel, ježděno převážně po cyklostezkách podél Vltavy – jsem už starší kus :( už potřebuji elektrokolo. Vše 100% funkční, vše zavčasu servisováno, mohu doložit doklady i fotodokumentací.
Poznámka: V ceně je velké množství originálních dopl ...",29000.0,,,31900.0,,,unknown:None,low:35,good,52.5,MANUAL_REVIEW,False,False,pass,critical_valuation_status|low_market_confidence|quick_sale_price_missing,Этап 2.1 не вернул цену быстрой продажи. | Оценка рынка этапа 2.1 имеет низкую уверенность. | Статус оценки рынка требует проверки: duplicate_only_results.,duplicate_only_results|no_unique_comparables,unrecognized_positive_condition_phrase,duplicate_only_results,MANUAL_REVIEW
bazos:221686413,https://sport.bazos.cz/inzerat/221686413/gt-avalanche-20-disc.php,GT Avalanche 2.0 disc: 3 800,"Nabízím horské kolo gt avalanche 2.0 disc .velikost M , převody 24
Jedná se o starší plně funkční kolo pravidelně servisované. Samozřejmě nějaké oděrky z běžného provozu se najdou viz fota .Kolo je plně funkční stačí sednout a jet ...
Specifikace
...",3800.0,,,4180.0,,,unknown:None,low:35,good,52.5,MANUAL_REVIEW,False,False,pass,critical_valuation_status|low_market_confidence|quick_sale_price_missing,Этап 2.1 не вернул цену быстрой продажи. | Оценка рынка этапа 2.1 имеет низкую уверенность. | Статус оценки рынка требует проверки: duplicate_only_results.,duplicate_only_results|no_unique_comparables,unrecognized_positive_condition_phrase,duplicate_only_results,MANUAL_REVIEW
bazos:221688879,https://sport.bazos.cz/inzerat/221688879/detsky-author-junior.php,Dětský Author  junior: 1 000,"Prodám dětské kolo Author junior, lehké, plně funkční, k vyzvednutí v obci Chýnice kousek od Praha - Řeporyje. Cena 1000 Kč, 606751736, ...",1000.0,37200.0,31600.0,1100.0,30500.0,2772.73,low:17,low:35,good,68.15,REJECT,True,True,excluded:hard_filter_kids_bike,low_market_confidence|purchase_price_outlier,Детский велосипед исключён существующей политикой проекта.,one_source|few_comparables|large_price_spread|foreign_market,unrecognized_positive_condition_phrase,,MANUAL_REVIEW
bazos:221691621,https://sport.bazos.cz/inzerat/221691621/ghost-htx-9-lc.php,GHOST HTX 9 LC: 29 900,"Prodám karbonové kolo Ghost v pěkném stavu.
Specifikace zde:
K prodeji bude kolo bez pedálů a s jedním držákem na bid ...",29900.0,,,32890.0,,,unknown:None,low:35,good,52.5,MANUAL_REVIEW,False,False,pass,critical_valuation_status|low_market_confidence|quick_sale_price_missing,Этап 2.1 не вернул цену быстрой продажи. | Оценка рынка этапа 2.1 имеет низкую уверенность. | Статус оценки рынка требует проверки: duplicate_only_results.,duplicate_only_results|no_unique_comparables,unrecognized_positive_condition_phrase,duplicate_only_results,MANUAL_REVIEW
bazos:221692425,https://sport.bazos.cz/inzerat/221692425/detske-kolo-specialized-hotrock-24.php,Dětské kolo Specialized Hotrock 24”: 4 900,"Prodám kvalitní dětské kolo Specialized Hotrock 24” - v červeno bílé barvě. Kola 24” pro děti 8–12 let. Lehký hliníkový rám. Přehazovačka Shimano – 3x8 rychlostí. Skvělé kolo od renomované značky, ideální na silnici i do lehkého terénu. Kolo je ve st ...",4900.0,3500.0,3000.0,5390.0,-2390.0,-44.34,high:100,low:35,unknown,31.25,REJECT,False,False,excluded:hard_filter_kids_bike,condition_unknown|low_market_confidence,Детский велосипед исключён существующей политикой проекта.,one_source|large_price_spread,,,REJECT
bazos:221694322,https://sport.bazos.cz/inzerat/221694322/detske-kolo-canyon-offspring-al-16.php,Dětské kolo Canyon Offspring Al 16: 5 000,"Prodám lehké a bezpečné dětské kolo Canyon Offspring 16.
Kolo je použité, ale plně funkční s kosmetickými vadami po běžném používání.
Toto kolo je výjimečné svou konstrukcí, která dítěti maximálně usnadňuje první jízdy v terénu i na silnici.
​Kom ...",5000.0,12900.0,11000.0,5500.0,5500.0,100.0,low:9,low:35,good,59.74,REJECT,True,True,excluded:hard_filter_kids_bike,low_market_confidence,Детский велосипед исключён существующей политикой проекта.,one_source|few_comparables|weak_model_match|foreign_market,unrecognized_positive_condition_phrase,,MANUAL_REVIEW
bazos:221696361,https://sport.bazos.cz/inzerat/221696361/ktm-wild-speed-26-horske-kolo-vyborny-stav.php,"KTM Wild Speed 26” – horské kolo, výborný stav: 7 500","Prodám horské kolo KTM Wild Speed ve velmi pěkném a plně funkčním stavu. Kolo je pravidelně udržované, připravené ihned k jízdě.
Specifikace:
* Značka: KTM
* Model: Wild Speed
* Velikost rámu: 34
* Odpružená přední vidlice
* Přehazovačka a ...",7500.0,,,8250.0,,,unknown:None,low:35,excellent,57.5,MANUAL_REVIEW,False,False,pass,critical_valuation_status|low_market_confidence|quick_sale_price_missing,Этап 2.1 не вернул цену быстрой продажи. | Оценка рынка этапа 2.1 имеет низкую уверенность. | Статус оценки рынка требует проверки: duplicate_only_results.,duplicate_only_results|no_unique_comparables,,duplicate_only_results,MANUAL_REVIEW
bazos:221697332,https://sport.bazos.cz/inzerat/221697332/detske-kolo-scott-contessa-vel-14.php,Dětské kolo scott contessa vel 14: 3 500,Prodám dětské kolo scott contessa 14. Je používané ale ve velmi dobrém stavu. Moc se na něm nenajezdilo. Není odřené. Mám k němu i podpůrné kolečka. ...,3500.0,4000.0,3400.0,3850.0,-450.0,-11.69,medium:59,low:35,good,27.55,REJECT,False,False,excluded:hard_filter_kids_bike,low_market_confidence,Детский велосипед исключён существующей политикой проекта.,one_source|large_price_spread,,,REJECT
cyklobazar:1dnEGOLxoweOM,https://www.cyklobazar.cz/inzerat/1dnEGOLxoweOM/gt-avalanche-2-0,GT Avalanche 2.0,Pevná horská kola Praha 13 GT Jindřich Víteček,3500.0,3000.0,2600.0,3850.0,-1250.0,-32.47,low:47,low:35,unknown,21.65,REJECT,False,False,pass,condition_unknown|low_market_confidence,Чистая прибыль -1250 Kč не является положительной.,one_source|large_price_spread,,,REJECT
cyklobazar:2dqYnmvGPwaYb,https://www.cyklobazar.cz/inzerat/2dqYnmvGPwaYb/ktm-peak,KTM Peak,Pevná horská kola Praha KTM Petr Kvasnička,9990.0,9900.0,8400.0,10989.0,-2589.0,-23.56,low:39,low:35,unknown,20.05,REJECT,False,False,pass,condition_unknown|low_market_confidence,Чистая прибыль -2589 Kč не является положительной.,one_source|large_price_spread,,,REJECT
cyklobazar:2dqYnmvGPwapQ,https://www.cyklobazar.cz/inzerat/2dqYnmvGPwapQ/panske-trekove-kolo-kellys-phanatic-10-red-2023-vel-m,Pánské trekové kolo KELLYS Phanatic 10 Red 2023 vel M.,Krosová a trekingová kola Praha Kellys Filip kuncik,9999.0,6600.0,5600.0,10998.9,-5398.9,-49.09,low:27,low:35,unknown,17.65,REJECT,False,False,pass,condition_unknown|low_market_confidence,Чистая прибыль -5399 Kč не является положительной.,one_source|few_comparables,,,REJECT
cyklobazar:AknEdGBbLK0XA,https://www.cyklobazar.cz/inzerat/AknEdGBbLK0XA/core-nipper-24,Core Nipper 24”,125-155 cm / 12 let Praha 8 Core Ondřej Vevera,3000.0,4000.0,3400.0,3300.0,100.0,3.03,high:100,low:35,unknown,34.32,MANUAL_REVIEW,False,False,pass,condition_unknown|low_market_confidence,Состояние велосипеда не подтверждено описанием. | Оценка рынка этапа 2.1 имеет низкую уверенность.,one_source|large_price_spread,short_description,,MANUAL_REVIEW
cyklobazar:AknEdGBbLK0aP,https://www.cyklobazar.cz/inzerat/AknEdGBbLK0aP/ghost-miss-2000,Ghost Miss 2000,nad 135 cm / 12 let a více Praha 10 Ghost Jaroslav Otáhal,6500.0,4500.0,3800.0,7150.0,-3350.0,-46.85,low:36,medium:65,unknown,24.95,REJECT,False,False,pass,condition_unknown,Чистая прибыль -3350 Kč не является положительной.,,,,REJECT
cyklobazar:DLDERvkzdKOvw,https://www.cyklobazar.cz/inzerat/DLDERvkzdKOvw/ghost-kato-20-pro,Ghost Kato 20 Pro,115-130 cm / 6-9 let Praha Ghost BASESHOP.cz,7500.0,5000.0,4200.0,8250.0,-4050.0,-49.09,medium:55,low:35,unknown,23.25,REJECT,False,False,pass,condition_unknown|low_market_confidence,Чистая прибыль -4050 Kč не является положительной.,one_source|large_price_spread,,,REJECT
cyklobazar:KLvOe8z4P6wXb,https://www.cyklobazar.cz/inzerat/KLvOe8z4P6wXb/prodam-ghost-lector-fs-world-cup-2025-velikost-s-karbon-sram-xx-29,"Prodám Ghost Lector FS World Cup 2025 – velikost S | Karbon | SRAM XX | 29""",Trailová (allmoutain) kola Praha Ghost Kola Z Prahy,55000.0,,,60500.0,,,unknown:None,low:35,unknown,37.5,MANUAL_REVIEW,False,False,pass,condition_unknown|critical_valuation_status|low_market_confidence|quick_sale_price_missing,Этап 2.1 не вернул цену быстрой продажи. | Состояние велосипеда не подтверждено описанием. | Оценка рынка этапа 2.1 имеет низкую уверенность. | Статус оценки рынка требует проверки: no_matching_comparables.,no_unique_comparables,short_description,no_matching_comparables,MANUAL_REVIEW
cyklobazar:Nm7PEWQoj1MPL,https://www.cyklobazar.cz/inzerat/Nm7PEWQoj1MPL/superior-rx-635-w,Superior RX 635 W,Krosová a trekingová kola Hlavní město Praha Superior Ondřej Maňák,5500.0,,,6050.0,,,unknown:None,low:35,unknown,37.5,MANUAL_REVIEW,False,False,pass,condition_unknown|critical_valuation_status|low_market_confidence|quick_sale_price_missing,Этап 2.1 не вернул цену быстрой продажи. | Состояние велосипеда не подтверждено описанием. | Оценка рынка этапа 2.1 имеет низкую уверенность. | Статус оценки рынка требует проверки: no_matching_comparables.,no_unique_comparables,short_description,no_matching_comparables,MANUAL_REVIEW
cyklobazar:PPvBgbezkGmB3,https://www.cyklobazar.cz/inzerat/PPvBgbezkGmB3/lapierre-crosshill-al-2-0-pumice-beige-matt-glossy-vel-m-nove,LAPIERRE Crosshill AL 2.0 Pumice Beige Matt & Glossy vel.M / NOVÉ,Gravel bike Praha Lapierre BASESHOP.cz,27990.0,,,30789.0,,,unknown:None,low:35,unknown,37.5,MANUAL_REVIEW,False,False,pass,condition_unknown|critical_valuation_status|low_market_confidence|quick_sale_price_missing,Этап 2.1 не вернул цену быстрой продажи. | Состояние велосипеда не подтверждено описанием. | Оценка рынка этапа 2.1 имеет низкую уверенность. | Статус оценки рынка требует проверки: no_matching_comparables.,no_unique_comparables,short_description,no_matching_comparables,MANUAL_REVIEW
cyklobazar:XmopD6qXG8e6z,https://www.cyklobazar.cz/inzerat/XmopD6qXG8e6z/specialized-rockhooper,Specialized ROCKHOOPER,Pevná horská kola Praha Specialized,8350.0,,,9185.0,,,unknown:None,low:35,unknown,37.5,MANUAL_REVIEW,False,False,pass,condition_unknown|critical_valuation_status|low_market_confidence|quick_sale_price_missing,Этап 2.1 не вернул цену быстрой продажи. | Состояние велосипеда не подтверждено описанием. | Оценка рынка этапа 2.1 имеет низкую уверенность. | Статус оценки рынка требует проверки: no_matching_comparables.,no_unique_comparables,short_description,no_matching_comparables,MANUAL_REVIEW
cyklobazar:YoPDR6qX4La6P,https://www.cyklobazar.cz/inzerat/YoPDR6qX4La6P/cube-stereo-120-race-29-vel-s-2022,"Cube Stereo 120 Race 29"", vel. S, 2022",Trailová (allmoutain) kola Praha Cube Platon P.,29900.0,39400.0,33500.0,32890.0,610.0,1.85,high:82,low:35,unknown,32.02,MANUAL_REVIEW,False,False,pass,condition_unknown|low_market_confidence,Состояние велосипеда не подтверждено описанием. | Оценка рынка этапа 2.1 имеет низкую уверенность.,large_price_spread|foreign_market,short_description,,MANUAL_REVIEW
cyklobazar:YoPDR6qX4LaOB,https://www.cyklobazar.cz/inzerat/YoPDR6qX4LaOB/giant-tcr-advanced-pro-sram-red22-hrd-karbonova-kola-vinci-rapid-45-7-4-kg,"Giant TCR Advanced Pro | SRAM Red22 HRD | Karbonová kola Vinci Rapid 45 | 7,4 kg",Závodní silniční kola Praha Giant Jiří Šíma,62500.0,39000.0,33200.0,68750.0,-35550.0,-51.71,medium:56,low:35,unknown,23.45,REJECT,False,False,pass,condition_unknown|low_market_confidence,Чистая прибыль -35550 Kč не является положительной.,large_price_spread,,,REJECT
cyklobazar:eD38P6kJbN4E2,https://www.cyklobazar.cz/inzerat/eD38P6kJbN4E2/bmc-teammachine-slr-two-ultegra-di2-12-speed-2025-premiove-kolo-super-cena,"BMC TEAMMACHINE SLR TWO, Ultegra Di2, 12 speed, 2025 – PRÉMIOVÉ KOLO, super CENA",Závodní silniční kola Praha BMC Alltraining s.r.o.,59500.0,114500.0,97500.0,65450.0,32050.0,48.97,low:9,low:35,unknown,52.29,MANUAL_REVIEW,True,False,pass,condition_unknown|low_market_confidence,Состояние велосипеда не подтверждено описанием. | Оценка рынка этапа 2.1 имеет низкую уверенность.,one_source|few_comparables|weak_model_match|foreign_market,short_description,,MANUAL_REVIEW
cyklobazar:nX1Oe6jqxrlKn,https://www.cyklobazar.cz/inzerat/nX1Oe6jqxrlKn/cube-nuroad-pro,Cube Nuroad Pro,"Gravel bike Praha Cube Tom Cube,…",27999.0,26600.0,22600.0,30798.9,-8198.9,-26.62,low:40,low:35,unknown,20.25,REJECT,False,False,pass,condition_unknown|low_market_confidence,Чистая прибыль -8199 Kč не является положительной.,other,,,REJECT
cyklobazar:oyrm86blxgA6W,https://www.cyklobazar.cz/inzerat/oyrm86blxgA6W/bmc-timemachine-tm01-dura-ace-di2,BMC Timemachine TM01 Dura-Ace Di2,Triatlonová a časovkářská kola Praha BMC Juraj Píš,75000.0,,,82500.0,,,unknown:None,low:35,unknown,37.5,MANUAL_REVIEW,False,False,pass,condition_unknown|critical_valuation_status|low_market_confidence|quick_sale_price_missing,Этап 2.1 не вернул цену быстрой продажи. | Состояние велосипеда не подтверждено описанием. | Оценка рынка этапа 2.1 имеет низкую уверенность. | Статус оценки рынка требует проверки: no_matching_comparables.,no_unique_comparables,short_description,no_matching_comparables,MANUAL_REVIEW
cyklobazar:oyrm86blxgnmy,https://www.cyklobazar.cz/inzerat/oyrm86blxgnmy/specialized-allez-2022-e5-58cm,Specialized Allez 2022 E5 58CM,Rekreační/Fitness silniční kola Hlavní město Praha Specialized Simona [email protected],15500.0,,,17050.0,,,unknown:None,low:35,unknown,37.5,MANUAL_REVIEW,False,False,pass,condition_unknown|critical_valuation_status|low_market_confidence|quick_sale_price_missing,Этап 2.1 не вернул цену быстрой продажи. | Состояние велосипеда не подтверждено описанием. | Оценка рынка этапа 2.1 имеет низкую уверенность. | Статус оценки рынка требует проверки: no_matching_comparables.,no_unique_comparables,photos_but_no_textual_condition,no_matching_comparables,MANUAL_REVIEW
cyklobazar:pygoL6kOxN74W,https://www.cyklobazar.cz/inzerat/pygoL6kOxN74W/gravel-kolo-cube-nuroad-race-haze-n-gloss-2025-velikost-ramu-m,"Gravel kolo Cube Nuroad RACE haze´n´gloss 2025, velikost rámu M",Gravel bike Praha Cube BIKE SHOP,29900.0,,,32890.0,,,unknown:None,low:35,unknown,37.5,MANUAL_REVIEW,False,False,pass,condition_unknown|critical_valuation_status|low_market_confidence|quick_sale_price_missing,Этап 2.1 не вернул цену быстрой продажи. | Состояние велосипеда не подтверждено описанием. | Оценка рынка этапа 2.1 имеет низкую уверенность. | Статус оценки рынка требует проверки: no_matching_comparables.,no_unique_comparables,short_description,no_matching_comparables,MANUAL_REVIEW
cyklobazar:q21P76emgNjLk,https://www.cyklobazar.cz/inzerat/q21P76emgNjLk/orbea-terra-m30-team-vel-l-acid-gum-fantasy-purple-carbon-view,ORBEA Terra M30 Team vel.L Acid Gum/Fantasy Purple Carbon View,Gravel bike Praha Orbea BASESHOP.cz,74990.0,,,82489.0,,,unknown:None,low:35,unknown,37.5,MANUAL_REVIEW,False,False,pass,condition_unknown|critical_valuation_status|low_market_confidence|quick_sale_price_missing,Этап 2.1 не вернул цену быстрой продажи. | Состояние велосипеда не подтверждено описанием. | Оценка рынка этапа 2.1 имеет низкую уверенность. | Статус оценки рынка требует проверки: no_matching_comparables.,no_unique_comparables,short_description,no_matching_comparables,MANUAL_REVIEW
cyklobazar:vrEkBM2qxgOma,https://www.cyklobazar.cz/inzerat/vrEkBM2qxgOma/specialized-tarmac-campagnolo-record,Specialized Tarmac Campagnolo Record,Závodní silniční kola Praha Specialized Martin Strand Husek,34000.0,,,37400.0,,,unknown:None,low:35,unknown,37.5,MANUAL_REVIEW,False,False,pass,condition_unknown|critical_valuation_status|low_market_confidence|quick_sale_price_missing,Этап 2.1 не вернул цену быстрой продажи. | Состояние велосипеда не подтверждено описанием. | Оценка рынка этапа 2.1 имеет низкую уверенность. | Статус оценки рынка требует проверки: no_matching_comparables.,no_unique_comparables,short_description,no_matching_comparables,MANUAL_REVIEW
cyklobazar:xrEaQM3yxgoWn,https://www.cyklobazar.cz/inzerat/xrEaQM3yxgoWn/core-nipper-20,Core Nipper 20”,115-130 cm / 6-9 let Praha 8 Core,1500.0,3000.0,2600.0,1650.0,950.0,57.58,high:92,low:35,unknown,48.01,MANUAL_REVIEW,False,False,pass,condition_unknown|low_market_confidence|stage_1_2_manual_risk,Состояние велосипеда не подтверждено описанием. | Оценка рынка этапа 2.1 имеет низкую уверенность. | Предварительный анализ содержит причину для ручной проверки.,large_price_spread,short_description,,MANUAL_REVIEW
cyklobazar:zr6qJMNdOgzqQ,https://www.cyklobazar.cz/inzerat/zr6qJMNdOgzqQ/author-stylo-16,Author STYLO 16,100-115 cm / 4-5 let Praha 3 Author Adam Hrubeš,1500.0,1800.0,1500.0,1650.0,-150.0,-9.09,high:95,low:35,unknown,31.25,REJECT,False,False,pass,condition_unknown|low_market_confidence,Чистая прибыль -150 Kč не является положительной.,one_source|large_price_spread,,,REJECT
